County,Sample_Size
Baringo,49
Bomet,63
Bungoma,123
Busia,67
Elgeyo/Marakwet,35
Embu,46
Garissa,63
Homa Bay,84
Isiolo,21
Kajiado,84
Kakamega,137
Kericho,67
Kiambu,179
Kilifi,109
Kirinyaga,46
Kisii,95
Kisumu,84
Kitui,84
Kwale,63
Laikipia,39
Lamu,11
Machakos,105
Makueni,74
Mandera,63
Marsabit,35
Meru,112
Migori,81
Mombasa,87
Murang'a,77
Nairobi City,325
Nakuru,157
Nandi,66
Narok,84
Nyamira,45
Nyandarua,45
Nyeri,56
Samburu,24
Siaya,73
Taita/Taveta,24
Tana River,24
Tharaka-Nithi,28
Trans Nzoia,73
Turkana,66
Uasin Gishu,84
Vihiga,42
Wajir,56
West Pokot,45
TOTAL,3500
